Id,Level
DRSId(1),4
SliceId(7),3
ResonanceId(1),2
SliceId(8),3
ResonanceId(2),2
SliceId(9),3
ResonanceId(3),2
SliceId(10),3
ResonanceId(4),2
SliceId(11),3
ResonanceId(5),2
SliceId(12),3
ResonanceId(6),2
SliceId(13),3
ResonanceId(7),2
SliceId(14),3
ResonanceId(8),2
ResonanceId(9),2
SliceId(15),3
ResonanceId(10),2
ResonanceId(11),2
SliceId(16),3
ResonanceId(12),2
ResonanceId(13),2
SliceId(17),3
ResonanceId(14),2
ResonanceId(15),2
SliceId(18),3
ResonanceId(16),2
ResonanceId(17),2
ResonanceId(18),2
SliceId(19),3
ResonanceId(19),2
ResonanceId(20),2
ResonanceId(21),2
SliceId(20),3
ResonanceId(22),2
ResonanceId(23),2
ResonanceId(24),2
SliceId(21),3
ResonanceId(25),2
ResonanceId(26),2
ResonanceId(27),2
SliceId(22),3
ResonanceId(28),2
ResonanceId(29),2
ResonanceId(30),2
SliceId(23),3
ResonanceId(31),2
ResonanceId(32),2
ResonanceId(33),2
SliceId(24),3
ResonanceId(34),2
ResonanceId(35),2
ResonanceId(36),2
SliceId(25),3
ResonanceId(37),2
ResonanceId(38),2
ResonanceId(39),2
SliceId(26),3
ResonanceId(40),2
ResonanceId(41),2
ResonanceId(42),2
SliceId(27),3
ResonanceId(43),2
ResonanceId(44),2
ResonanceId(45),2
SliceId(28),3
ResonanceId(46),2
ResonanceId(47),2
ResonanceId(48),2
SliceId(29),3
ResonanceId(49),2
ResonanceId(50),2
ResonanceId(51),2
SliceId(30),3
ResonanceId(52),2
ResonanceId(53),2
ResonanceId(54),2
SliceId(31),3
ResonanceId(55),2
ResonanceId(56),2
ResonanceId(57),2
SliceId(32),3
ResonanceId(58),2
ResonanceId(59),2
ResonanceId(60),2
SliceId(33),3
ResonanceId(61),2
ResonanceId(62),2
ResonanceId(63),2
SliceId(34),3
ResonanceId(64),2
ResonanceId(65),2
ResonanceId(66),2
SliceId(35),3
ResonanceId(67),2
ResonanceId(68),2
ResonanceId(69),2
SliceId(36),3
ResonanceId(70),2
ResonanceId(71),2
ResonanceId(72),2
SliceId(37),3
ResonanceId(73),2
ResonanceId(74),2
ResonanceId(75),2
SliceId(38),3
ResonanceId(76),2
ResonanceId(77),2
ResonanceId(78),2
SliceId(39),3
ResonanceId(79),2
ResonanceId(80),2
ResonanceId(81),2
SliceId(40),3
ResonanceId(82),2
ResonanceId(83),2
ResonanceId(84),2
SliceId(41),3
ResonanceId(85),2
ResonanceId(86),2
ResonanceId(87),2
SliceId(42),3
ResonanceId(88),2
ResonanceId(89),2
ResonanceId(90),2
SliceId(43),3
ResonanceId(91),2
ResonanceId(92),2
ResonanceId(93),2
SliceId(44),3
ResonanceId(94),2
ResonanceId(95),2
ResonanceId(96),2
SliceId(45),3
ResonanceId(97),2
ResonanceId(98),2
ResonanceId(99),2
SliceId(46),3
ResonanceId(100),2
ResonanceId(101),2
ResonanceId(102),2
SliceId(47),3
ResonanceId(103),2
ResonanceId(104),2
ResonanceId(105),2
SliceId(48),3
ResonanceId(106),2
ResonanceId(107),2
ResonanceId(108),2
SliceId(49),3
ResonanceId(109),2
ResonanceId(110),2
ResonanceId(111),2
SliceId(50),3
ResonanceId(112),2
ResonanceId(113),2
ResonanceId(114),2
SliceId(51),3
ResonanceId(115),2
ResonanceId(116),2
ResonanceId(117),2
SliceId(52),3
ResonanceId(118),2
ResonanceId(119),2
ResonanceId(120),2
SliceId(53),3
ResonanceId(121),2
ResonanceId(122),2
ResonanceId(123),2
SliceId(54),3
ResonanceId(124),2
ResonanceId(125),2
ResonanceId(126),2
ResonanceId(127),2
SliceId(55),3
ResonanceId(128),2
ResonanceId(129),2
ResonanceId(130),2
ResonanceId(131),2
SliceId(56),3
ResonanceId(132),2
ResonanceId(133),2
ResonanceId(134),2
SliceId(57),3
ResonanceId(135),2
ResonanceId(136),2
ResonanceId(137),2
SliceId(58),3
ResonanceId(138),2
ResonanceId(139),2
ResonanceId(140),2
SliceId(59),3
ResonanceId(141),2
ResonanceId(142),2
ResonanceId(143),2
SliceId(60),3
ResonanceId(144),2
ResonanceId(145),2
ResonanceId(146),2
SliceId(61),3
ResonanceId(147),2
ResonanceId(148),2
ResonanceId(149),2
SliceId(62),3
ResonanceId(150),2
ResonanceId(151),2
ResonanceId(152),2
SliceId(63),3
ResonanceId(153),2
ResonanceId(154),2
ResonanceId(155),2
SliceId(64),3
ResonanceId(156),2
ResonanceId(157),2
ResonanceId(158),2
SliceId(65),3
ResonanceId(159),2
ResonanceId(160),2
ResonanceId(161),2
SliceId(66),3
ResonanceId(162),2
ResonanceId(163),2
ResonanceId(164),2
SliceId(67),3
ResonanceId(165),2
ResonanceId(166),2
ResonanceId(167),2
SliceId(68),3
ResonanceId(168),2
ResonanceId(169),2
ResonanceId(170),2
ResonanceId(171),2
SliceId(69),3
ResonanceId(172),2
ResonanceId(173),2
ResonanceId(174),2
SliceId(70),3
ResonanceId(175),2
ResonanceId(176),2
ResonanceId(177),2
SliceId(71),3
ResonanceId(178),2
ResonanceId(179),2
ResonanceId(180),2
SliceId(72),3
ResonanceId(181),2
ResonanceId(182),2
ResonanceId(183),2
SliceId(73),3
ResonanceId(184),2
ResonanceId(185),2
ResonanceId(186),2
ResonanceId(187),2
SliceId(74),3
ResonanceId(188),2
ResonanceId(189),2
ResonanceId(190),2
ResonanceId(191),2
SliceId(75),3
ResonanceId(192),2
ResonanceId(193),2
ResonanceId(194),2
ResonanceId(195),2
SliceId(76),3
ResonanceId(196),2
ResonanceId(197),2
ResonanceId(198),2
ResonanceId(199),2
SliceId(77),3
ResonanceId(200),2
ResonanceId(201),2
ResonanceId(202),2
ResonanceId(203),2
SliceId(78),3
ResonanceId(204),2
ResonanceId(205),2
ResonanceId(206),2
ResonanceId(207),2
SliceId(79),3
ResonanceId(208),2
ResonanceId(209),2
ResonanceId(210),2
ResonanceId(211),2
SliceId(80),3
ResonanceId(212),2
ResonanceId(213),2
ResonanceId(214),2
ResonanceId(215),2
SliceId(81),3
ResonanceId(216),2
ResonanceId(217),2
ResonanceId(218),2
ResonanceId(219),2
SliceId(82),3
ResonanceId(220),2
ResonanceId(221),2
ResonanceId(222),2
ResonanceId(223),2
SliceId(83),3
ResonanceId(224),2
ResonanceId(225),2
ResonanceId(226),2
ResonanceId(227),2
ResonanceId(228),2
SliceId(84),3
ResonanceId(229),2
ResonanceId(230),2
ResonanceId(231),2
SliceId(85),3
ResonanceId(232),2
ResonanceId(233),2
ResonanceId(234),2
SliceId(86),3
ResonanceId(235),2
ResonanceId(236),2
ResonanceId(237),2
SliceId(87),3
ResonanceId(238),2
ResonanceId(239),2
SliceId(88),3
ResonanceId(240),2
ResonanceId(241),2
SliceId(89),3
ResonanceId(242),2
ResonanceId(243),2
ResonanceId(244),2
SliceId(90),3
ResonanceId(245),2
ResonanceId(246),2
ResonanceId(247),2
SliceId(91),3
ResonanceId(248),2
ResonanceId(249),2
ResonanceId(250),2
SliceId(92),3
ResonanceId(251),2
ResonanceId(252),2
ResonanceId(253),2
SliceId(93),3
ResonanceId(254),2
ResonanceId(255),2
ResonanceId(256),2
SliceId(94),3
ResonanceId(257),2
ResonanceId(258),2
ResonanceId(259),2
SliceId(95),3
ResonanceId(260),2
ResonanceId(261),2
ResonanceId(262),2
SliceId(96),3
ResonanceId(263),2
ResonanceId(264),2
ResonanceId(265),2
SliceId(97),3
ResonanceId(266),2
ResonanceId(267),2
ResonanceId(268),2
SliceId(98),3
ResonanceId(269),2
ResonanceId(270),2
ResonanceId(271),2
SliceId(99),3
ResonanceId(272),2
ResonanceId(273),2
ResonanceId(274),2
SliceId(100),3
ResonanceId(275),2
ResonanceId(276),2
ResonanceId(277),2
SliceId(101),3
ResonanceId(278),2
ResonanceId(279),2
ResonanceId(280),2
SliceId(102),3
ResonanceId(281),2
ResonanceId(282),2
ResonanceId(283),2
SliceId(103),3
ResonanceId(284),2
ResonanceId(285),2
ResonanceId(286),2
SliceId(104),3
ResonanceId(287),2
ResonanceId(288),2
ResonanceId(289),2
SliceId(105),3
ResonanceId(290),2
ResonanceId(291),2
ResonanceId(292),2
SliceId(106),3
ResonanceId(293),2
ResonanceId(294),2
ResonanceId(295),2
SliceId(107),3
ResonanceId(296),2
ResonanceId(297),2
ResonanceId(298),2
ResonanceId(299),2
SliceId(108),3
ResonanceId(300),2
ResonanceId(301),2
ResonanceId(302),2
ResonanceId(303),2
SliceId(109),3
ResonanceId(304),2
ResonanceId(305),2
ResonanceId(306),2
ResonanceId(307),2
SliceId(110),3
ResonanceId(308),2
ResonanceId(309),2
ResonanceId(310),2
ResonanceId(311),2
SliceId(111),3
ResonanceId(312),2
ResonanceId(313),2
ResonanceId(314),2
ResonanceId(315),2
SliceId(112),3
ResonanceId(316),2
ResonanceId(317),2
ResonanceId(318),2
ResonanceId(319),2
SliceId(113),3
ResonanceId(320),2
ResonanceId(321),2
ResonanceId(322),2
ResonanceId(323),2
ResonanceId(324),2
SliceId(114),3
ResonanceId(325),2
ResonanceId(326),2
ResonanceId(327),2
ResonanceId(328),2
SliceId(115),3
ResonanceId(329),2
ResonanceId(330),2
ResonanceId(331),2
ResonanceId(332),2
SliceId(116),3
ResonanceId(333),2
ResonanceId(334),2
ResonanceId(335),2
ResonanceId(336),2
SliceId(117),3
ResonanceId(337),2
ResonanceId(338),2
ResonanceId(339),2
ResonanceId(340),2
SliceId(118),3
ResonanceId(341),2
ResonanceId(342),2
ResonanceId(343),2
ResonanceId(344),2
SliceId(119),3
ResonanceId(345),2
ResonanceId(346),2
ResonanceId(347),2
ResonanceId(348),2
SliceId(120),3
ResonanceId(349),2
ResonanceId(350),2
ResonanceId(351),2
ResonanceId(352),2
SliceId(121),3
ResonanceId(353),2
ResonanceId(354),2
ResonanceId(355),2
ResonanceId(356),2
SliceId(122),3
ResonanceId(357),2
ResonanceId(358),2
ResonanceId(359),2
ResonanceId(360),2
SliceId(123),3
ResonanceId(361),2
ResonanceId(362),2
ResonanceId(363),2
ResonanceId(364),2
SliceId(124),3
ResonanceId(365),2
ResonanceId(366),2
ResonanceId(367),2
ResonanceId(368),2
SliceId(125),3
ResonanceId(369),2
ResonanceId(370),2
ResonanceId(371),2
ResonanceId(372),2
SliceId(126),3
ResonanceId(373),2
ResonanceId(374),2
ResonanceId(375),2
ResonanceId(376),2
SliceId(127),3
ResonanceId(377),2
ResonanceId(378),2
ResonanceId(379),2
ResonanceId(380),2
SliceId(128),3
ResonanceId(381),2
ResonanceId(382),2
ResonanceId(383),2
ResonanceId(384),2
SliceId(129),3
ResonanceId(385),2
ResonanceId(386),2
ResonanceId(387),2
ResonanceId(388),2
SliceId(130),3
ResonanceId(389),2
ResonanceId(390),2
ResonanceId(391),2
ResonanceId(392),2
SliceId(131),3
ResonanceId(393),2
ResonanceId(394),2
ResonanceId(395),2
ResonanceId(396),2
SliceId(132),3
ResonanceId(397),2
ResonanceId(398),2
ResonanceId(399),2
ResonanceId(400),2
SliceId(133),3
ResonanceId(401),2
ResonanceId(402),2
ResonanceId(403),2
ResonanceId(404),2
SliceId(134),3
ResonanceId(405),2
ResonanceId(406),2
ResonanceId(407),2
ResonanceId(408),2
SliceId(135),3
ResonanceId(409),2
ResonanceId(410),2
ResonanceId(411),2
ResonanceId(412),2
SliceId(136),3
ResonanceId(413),2
ResonanceId(414),2
ResonanceId(415),2
ResonanceId(416),2
SliceId(137),3
ResonanceId(417),2
ResonanceId(418),2
ResonanceId(419),2
ResonanceId(420),2
SliceId(138),3
ResonanceId(421),2
ResonanceId(422),2
ResonanceId(423),2
ResonanceId(424),2
SliceId(139),3
ResonanceId(425),2
ResonanceId(426),2
ResonanceId(427),2
ResonanceId(428),2
SliceId(140),3
ResonanceId(429),2
ResonanceId(430),2
ResonanceId(431),2
ResonanceId(432),2
SliceId(141),3
ResonanceId(433),2
ResonanceId(434),2
ResonanceId(435),2
ResonanceId(436),2
SliceId(142),3
ResonanceId(437),2
ResonanceId(438),2
ResonanceId(439),2
ResonanceId(440),2
SliceId(143),3
ResonanceId(441),2
ResonanceId(442),2
ResonanceId(443),2
ResonanceId(444),2
SliceId(144),3
ResonanceId(445),2
ResonanceId(446),2
ResonanceId(447),2
ResonanceId(448),2
SliceId(145),3
ResonanceId(449),2
ResonanceId(450),2
ResonanceId(451),2
ResonanceId(452),2
SliceId(146),3
ResonanceId(453),2
ResonanceId(454),2
ResonanceId(455),2
ResonanceId(456),2
SliceId(147),3
ResonanceId(457),2
ResonanceId(458),2
ResonanceId(459),2
SliceId(148),3
ResonanceId(460),2
ResonanceId(461),2
ResonanceId(462),2
SliceId(149),3
ResonanceId(463),2
ResonanceId(464),2
ResonanceId(465),2
SliceId(150),3
ResonanceId(466),2
ResonanceId(467),2
ResonanceId(468),2
SliceId(151),3
ResonanceId(469),2
ResonanceId(470),2
ResonanceId(471),2
SliceId(152),3
ResonanceId(472),2
ResonanceId(473),2
ResonanceId(474),2
SliceId(153),3
ResonanceId(475),2
ResonanceId(476),2
ResonanceId(477),2
SliceId(154),3
ResonanceId(478),2
ResonanceId(479),2
ResonanceId(480),2
SliceId(155),3
ResonanceId(481),2
ResonanceId(482),2
ResonanceId(483),2
SliceId(156),3
ResonanceId(484),2
ResonanceId(485),2
ResonanceId(486),2
SliceId(157),3
ResonanceId(487),2
ResonanceId(488),2
ResonanceId(489),2
ResonanceId(490),2
SliceId(158),3
ResonanceId(491),2
ResonanceId(492),2
ResonanceId(493),2
ResonanceId(494),2
SliceId(159),3
ResonanceId(495),2
ResonanceId(496),2
ResonanceId(497),2
ResonanceId(498),2
SliceId(160),3
ResonanceId(499),2
ResonanceId(500),2
ResonanceId(501),2
ResonanceId(502),2
SliceId(161),3
ResonanceId(503),2
ResonanceId(504),2
ResonanceId(505),2
ResonanceId(506),2
SliceId(162),3
ResonanceId(507),2
ResonanceId(508),2
ResonanceId(509),2
ResonanceId(510),2
SliceId(163),3
ResonanceId(511),2
ResonanceId(512),2
ResonanceId(513),2
ResonanceId(514),2
SliceId(164),3
ResonanceId(515),2
ResonanceId(516),2
ResonanceId(517),2
ResonanceId(518),2
SliceId(165),3
ResonanceId(519),2
ResonanceId(520),2
ResonanceId(521),2
ResonanceId(522),2
SliceId(166),3
ResonanceId(523),2
ResonanceId(524),2
ResonanceId(525),2
ResonanceId(526),2
SliceId(167),3
ResonanceId(527),2
ResonanceId(528),2
ResonanceId(529),2
ResonanceId(530),2
SliceId(168),3
ResonanceId(531),2
ResonanceId(532),2
ResonanceId(533),2
ResonanceId(534),2
SliceId(169),3
ResonanceId(535),2
ResonanceId(536),2
ResonanceId(537),2
ResonanceId(538),2
SliceId(170),3
ResonanceId(539),2
ResonanceId(540),2
ResonanceId(541),2
ResonanceId(542),2
SliceId(171),3
ResonanceId(543),2
ResonanceId(544),2
ResonanceId(545),2
ResonanceId(546),2
SliceId(172),3
ResonanceId(547),2
ResonanceId(548),2
ResonanceId(549),2
ResonanceId(550),2
SliceId(173),3
ResonanceId(551),2
ResonanceId(552),2
ResonanceId(553),2
ResonanceId(554),2
SliceId(174),3
ResonanceId(555),2
ResonanceId(556),2
ResonanceId(557),2
ResonanceId(558),2
SliceId(175),3
ResonanceId(559),2
ResonanceId(560),2
ResonanceId(561),2
ResonanceId(562),2
SliceId(176),3
ResonanceId(563),2
ResonanceId(564),2
ResonanceId(565),2
ResonanceId(566),2
SliceId(177),3
ResonanceId(567),2
ResonanceId(568),2
ResonanceId(569),2
ResonanceId(570),2
SliceId(178),3
ResonanceId(571),2
ResonanceId(572),2
ResonanceId(573),2
ResonanceId(574),2
SliceId(179),3
ResonanceId(575),2
ResonanceId(576),2
ResonanceId(577),2
ResonanceId(578),2
SliceId(180),3
ResonanceId(579),2
ResonanceId(580),2
ResonanceId(581),2
ResonanceId(582),2
SliceId(181),3
ResonanceId(583),2
ResonanceId(584),2
ResonanceId(585),2
ResonanceId(586),2
SliceId(182),3
ResonanceId(587),2
ResonanceId(588),2
ResonanceId(589),2
ResonanceId(590),2
SliceId(183),3
ResonanceId(591),2
ResonanceId(592),2
ResonanceId(593),2
SliceId(184),3
ResonanceId(594),2
ResonanceId(595),2
ResonanceId(596),2
SliceId(185),3
ResonanceId(597),2
ResonanceId(598),2
ResonanceId(599),2
SliceId(186),3
ResonanceId(600),2
ResonanceId(601),2
ResonanceId(602),2
SliceId(187),3
ResonanceId(603),2
ResonanceId(604),2
ResonanceId(605),2
SliceId(188),3
ResonanceId(606),2
ResonanceId(607),2
ResonanceId(608),2
SliceId(189),3
ResonanceId(609),2
ResonanceId(610),2
ResonanceId(611),2
SliceId(190),3
ResonanceId(612),2
ResonanceId(613),2
ResonanceId(614),2
SliceId(191),3
ResonanceId(615),2
ResonanceId(616),2
ResonanceId(617),2
SliceId(192),3
ResonanceId(618),2
ResonanceId(619),2
ResonanceId(620),2
SliceId(193),3
ResonanceId(621),2
ResonanceId(622),2
ResonanceId(623),2
SliceId(194),3
ResonanceId(624),2
ResonanceId(625),2
ResonanceId(626),2
SliceId(195),3
ResonanceId(627),2
ResonanceId(628),2
ResonanceId(629),2
SliceId(196),3
ResonanceId(630),2
ResonanceId(631),2
ResonanceId(632),2
SliceId(197),3
ResonanceId(633),2
ResonanceId(634),2
ResonanceId(635),2
SliceId(198),3
ResonanceId(636),2
ResonanceId(637),2
ResonanceId(638),2
SliceId(199),3
ResonanceId(639),2
ResonanceId(640),2
ResonanceId(641),2
SliceId(200),3
ResonanceId(642),2
ResonanceId(643),2
ResonanceId(644),2
ResonanceId(645),2
SliceId(201),3
ResonanceId(646),2
ResonanceId(647),2
ResonanceId(648),2
ResonanceId(649),2
SliceId(202),3
ResonanceId(650),2
ResonanceId(651),2
ResonanceId(652),2
ResonanceId(653),2
SliceId(203),3
ResonanceId(654),2
ResonanceId(655),2
ResonanceId(656),2
ResonanceId(657),2
SliceId(204),3
ResonanceId(658),2
ResonanceId(659),2
ResonanceId(660),2
ResonanceId(661),2
SliceId(205),3
ResonanceId(662),2
ResonanceId(663),2
ResonanceId(664),2
ResonanceId(665),2
SliceId(206),3
ResonanceId(666),2
ResonanceId(667),2
ResonanceId(668),2
ResonanceId(669),2
SliceId(207),3
ResonanceId(670),2
ResonanceId(671),2
ResonanceId(672),2
ResonanceId(673),2
SliceId(208),3
ResonanceId(674),2
ResonanceId(675),2
ResonanceId(676),2
ResonanceId(677),2
SliceId(209),3
ResonanceId(678),2
ResonanceId(679),2
ResonanceId(680),2
ResonanceId(681),2
SliceId(210),3
ResonanceId(682),2
ResonanceId(683),2
ResonanceId(684),2
ResonanceId(685),2
SliceId(211),3
ResonanceId(686),2
ResonanceId(687),2
ResonanceId(688),2
ResonanceId(689),2
SliceId(212),3
ResonanceId(690),2
ResonanceId(691),2
ResonanceId(692),2
ResonanceId(693),2
SliceId(213),3
ResonanceId(694),2
ResonanceId(695),2
ResonanceId(696),2
ResonanceId(697),2
SliceId(214),3
ResonanceId(698),2
ResonanceId(699),2
ResonanceId(700),2
ResonanceId(701),2
SliceId(215),3
ResonanceId(702),2
ResonanceId(703),2
ResonanceId(704),2
ResonanceId(705),2
SliceId(216),3
ResonanceId(706),2
ResonanceId(707),2
ResonanceId(708),2
ResonanceId(709),2
SliceId(217),3
ResonanceId(710),2
ResonanceId(711),2
ResonanceId(712),2
ResonanceId(713),2
SliceId(218),3
ResonanceId(714),2
ResonanceId(715),2
ResonanceId(716),2
ResonanceId(717),2
SliceId(219),3
ResonanceId(718),2
ResonanceId(719),2
ResonanceId(720),2
ResonanceId(721),2
SliceId(220),3
ResonanceId(722),2
ResonanceId(723),2
ResonanceId(724),2
ResonanceId(725),2
SliceId(221),3
ResonanceId(726),2
ResonanceId(727),2
ResonanceId(728),2
ResonanceId(729),2
SliceId(222),3
ResonanceId(730),2
ResonanceId(731),2
ResonanceId(732),2
ResonanceId(733),2
SliceId(223),3
ResonanceId(734),2
ResonanceId(735),2
ResonanceId(736),2
ResonanceId(737),2
SliceId(224),3
ResonanceId(738),2
ResonanceId(739),2
ResonanceId(740),2
ResonanceId(741),2
SliceId(225),3
ResonanceId(742),2
ResonanceId(743),2
ResonanceId(744),2
ResonanceId(745),2
SliceId(226),3
ResonanceId(746),2
ResonanceId(747),2
ResonanceId(748),2
ResonanceId(749),2
SliceId(227),3
ResonanceId(750),2
ResonanceId(751),2
ResonanceId(752),2
ResonanceId(753),2
SliceId(228),3
ResonanceId(754),2
ResonanceId(755),2
ResonanceId(756),2
ResonanceId(757),2
SliceId(229),3
ResonanceId(758),2
ResonanceId(759),2
ResonanceId(760),2
ResonanceId(761),2
SliceId(230),3
ResonanceId(762),2
ResonanceId(763),2
ResonanceId(764),2
ResonanceId(765),2
ResonanceId(766),2
SliceId(231),3
ResonanceId(767),2
ResonanceId(768),2
ResonanceId(769),2
ResonanceId(770),2
SliceId(232),3
ResonanceId(771),2
ResonanceId(772),2
ResonanceId(773),2
ResonanceId(774),2
SliceId(233),3
ResonanceId(775),2
ResonanceId(776),2
ResonanceId(777),2
ResonanceId(778),2
SliceId(234),3
ResonanceId(779),2
ResonanceId(780),2
ResonanceId(781),2
ResonanceId(782),2
SliceId(235),3
ResonanceId(783),2
ResonanceId(784),2
ResonanceId(785),2
ResonanceId(786),2
SliceId(236),3
ResonanceId(787),2
ResonanceId(788),2
ResonanceId(789),2
ResonanceId(790),2
SliceId(237),3
ResonanceId(791),2
ResonanceId(792),2
ResonanceId(793),2
ResonanceId(794),2
SliceId(238),3
ResonanceId(795),2
ResonanceId(796),2
ResonanceId(797),2
ResonanceId(798),2
SliceId(239),3
ResonanceId(799),2
ResonanceId(800),2
ResonanceId(801),2
ResonanceId(802),2
SliceId(240),3
ResonanceId(803),2
ResonanceId(804),2
ResonanceId(805),2
ResonanceId(806),2
SliceId(241),3
ResonanceId(807),2
ResonanceId(808),2
ResonanceId(809),2
ResonanceId(810),2
SliceId(242),3
ResonanceId(811),2
ResonanceId(812),2
ResonanceId(813),2
ResonanceId(814),2
SliceId(243),3
ResonanceId(815),2
ResonanceId(816),2
ResonanceId(817),2
ResonanceId(818),2
SliceId(244),3
ResonanceId(819),2
ResonanceId(820),2
ResonanceId(821),2
ResonanceId(822),2
SliceId(245),3
ResonanceId(823),2
ResonanceId(824),2
ResonanceId(825),2
ResonanceId(826),2
SliceId(246),3
ResonanceId(827),2
ResonanceId(828),2
ResonanceId(829),2
ResonanceId(830),2
SliceId(247),3
ResonanceId(831),2
ResonanceId(832),2
ResonanceId(833),2
ResonanceId(834),2
SliceId(248),3
ResonanceId(835),2
ResonanceId(836),2
ResonanceId(837),2
ResonanceId(838),2
SliceId(249),3
ResonanceId(839),2
ResonanceId(840),2
ResonanceId(841),2
ResonanceId(842),2
SliceId(250),3
ResonanceId(843),2
ResonanceId(844),2
ResonanceId(845),2
ResonanceId(846),2
SliceId(251),3
ResonanceId(847),2
ResonanceId(848),2
ResonanceId(849),2
ResonanceId(850),2
SliceId(252),3
ResonanceId(851),2
ResonanceId(852),2
ResonanceId(853),2
ResonanceId(854),2
SliceId(253),3
ResonanceId(855),2
ResonanceId(856),2
ResonanceId(857),2
ResonanceId(858),2
SliceId(254),3
ResonanceId(859),2
ResonanceId(860),2
ResonanceId(861),2
ResonanceId(862),2
SliceId(255),3
ResonanceId(863),2
ResonanceId(864),2
ResonanceId(865),2
ResonanceId(866),2
SliceId(256),3
ResonanceId(867),2
ResonanceId(868),2
ResonanceId(869),2
ResonanceId(870),2
SliceId(257),3
ResonanceId(871),2
ResonanceId(872),2
ResonanceId(873),2
ResonanceId(874),2
SliceId(258),3
ResonanceId(875),2
ResonanceId(876),2
ResonanceId(877),2
ResonanceId(878),2
SliceId(259),3
ResonanceId(879),2
ResonanceId(880),2
ResonanceId(881),2
ResonanceId(882),2
SliceId(260),3
ResonanceId(883),2
ResonanceId(884),2
ResonanceId(885),2
ResonanceId(886),2
SliceId(261),3
ResonanceId(887),2
ResonanceId(888),2
ResonanceId(889),2
ResonanceId(890),2
SliceId(262),3
ResonanceId(891),2
ResonanceId(892),2
ResonanceId(893),2
ResonanceId(894),2
SliceId(263),3
ResonanceId(895),2
ResonanceId(896),2
ResonanceId(897),2
SliceId(264),3
ResonanceId(898),2
ResonanceId(899),2
ResonanceId(900),2
ResonanceId(901),2
SliceId(265),3
ResonanceId(902),2
ResonanceId(903),2
ResonanceId(904),2
ResonanceId(905),2
SliceId(266),3
ResonanceId(906),2
ResonanceId(907),2
ResonanceId(908),2
ResonanceId(909),2
SliceId(267),3
ResonanceId(910),2
ResonanceId(911),2
ResonanceId(912),2
ResonanceId(913),2
SliceId(268),3
ResonanceId(914),2
ResonanceId(915),2
ResonanceId(916),2
ResonanceId(917),2
SliceId(269),3
ResonanceId(918),2
ResonanceId(919),2
ResonanceId(920),2
ResonanceId(921),2
SliceId(270),3
ResonanceId(922),2
ResonanceId(923),2
ResonanceId(924),2
ResonanceId(925),2
SliceId(271),3
ResonanceId(926),2
ResonanceId(927),2
ResonanceId(928),2
ResonanceId(929),2
SliceId(272),3
ResonanceId(930),2
ResonanceId(931),2
ResonanceId(932),2
ResonanceId(933),2
SliceId(273),3
ResonanceId(934),2
ResonanceId(935),2
ResonanceId(936),2
ResonanceId(937),2
SliceId(274),3
ResonanceId(938),2
ResonanceId(939),2
ResonanceId(940),2
ResonanceId(941),2
SliceId(275),3
ResonanceId(942),2
ResonanceId(943),2
ResonanceId(944),2
ResonanceId(945),2
SliceId(276),3
ResonanceId(946),2
ResonanceId(947),2
ResonanceId(948),2
ResonanceId(949),2
SliceId(277),3
ResonanceId(950),2
ResonanceId(951),2
ResonanceId(952),2
ResonanceId(953),2
SliceId(278),3
ResonanceId(954),2
ResonanceId(955),2
ResonanceId(956),2
ResonanceId(957),2
SliceId(279),3
ResonanceId(958),2
ResonanceId(959),2
ResonanceId(960),2
ResonanceId(961),2
SliceId(280),3
ResonanceId(962),2
ResonanceId(963),2
ResonanceId(964),2
ResonanceId(965),2
SliceId(281),3
ResonanceId(966),2
ResonanceId(967),2
ResonanceId(968),2
ResonanceId(969),2
SliceId(282),3
ResonanceId(970),2
ResonanceId(971),2
ResonanceId(972),2
SliceId(283),3
ResonanceId(973),2
ResonanceId(974),2
ResonanceId(975),2
SliceId(284),3
ResonanceId(976),2
ResonanceId(977),2
ResonanceId(978),2
ResonanceId(979),2
SliceId(285),3
ResonanceId(980),2
ResonanceId(981),2
ResonanceId(982),2
SliceId(286),3
ResonanceId(983),2
ResonanceId(984),2
ResonanceId(985),2
ResonanceId(986),2
SliceId(287),3
ResonanceId(987),2
ResonanceId(988),2
ResonanceId(989),2
ResonanceId(990),2
SliceId(288),3
ResonanceId(991),2
ResonanceId(992),2
ResonanceId(993),2
ResonanceId(994),2
SliceId(289),3
ResonanceId(995),2
ResonanceId(996),2
ResonanceId(997),2
SliceId(290),3
ResonanceId(998),2
ResonanceId(999),2
ResonanceId(1000),2
SliceId(291),3
ResonanceId(1001),2
ResonanceId(1002),2
ResonanceId(1003),2
SliceId(292),3
ResonanceId(1004),2
ResonanceId(1005),2
ResonanceId(1006),2
ResonanceId(1007),2
SliceId(293),3
ResonanceId(1008),2
ResonanceId(1009),2
ResonanceId(1010),2
SliceId(294),3
ResonanceId(1011),2
ResonanceId(1012),2
ResonanceId(1013),2
SliceId(295),3
ResonanceId(1014),2
ResonanceId(1015),2
ResonanceId(1016),2
SliceId(296),3
ResonanceId(1017),2
ResonanceId(1018),2
ResonanceId(1019),2
SliceId(297),3
ResonanceId(1020),2
ResonanceId(1021),2
ResonanceId(1022),2
SliceId(298),3
ResonanceId(1023),2
ResonanceId(1024),2
ResonanceId(1025),2
SliceId(299),3
ResonanceId(1026),2
ResonanceId(1027),2
ResonanceId(1028),2
SliceId(300),3
ResonanceId(1029),2
ResonanceId(1030),2
ResonanceId(1031),2
SliceId(301),3
ResonanceId(1032),2
ResonanceId(1033),2
ResonanceId(1034),2
SliceId(302),3
ResonanceId(1035),2
ResonanceId(1036),2
SliceId(303),3
ResonanceId(1037),2
ResonanceId(1038),2
ResonanceId(1039),2
SliceId(304),3
ResonanceId(1040),2
ResonanceId(1041),2
ResonanceId(1042),2
SliceId(305),3
ResonanceId(1043),2
ResonanceId(1044),2
ResonanceId(1045),2
SliceId(306),3
ResonanceId(1046),2
ResonanceId(1047),2
ResonanceId(1048),2
SliceId(307),3
ResonanceId(1049),2
ResonanceId(1050),2
ResonanceId(1051),2
SliceId(308),3
ResonanceId(1052),2
ResonanceId(1053),2
ResonanceId(1054),2
SliceId(309),3
ResonanceId(1055),2
ResonanceId(1056),2
ResonanceId(1057),2
SliceId(310),3
ResonanceId(1058),2
ResonanceId(1059),2
ResonanceId(1060),2
SliceId(311),3
ResonanceId(1061),2
ResonanceId(1062),2
ResonanceId(1063),2
SliceId(312),3
ResonanceId(1064),2
ResonanceId(1065),2
ResonanceId(1066),2
SliceId(313),3
ResonanceId(1067),2
ResonanceId(1068),2
ResonanceId(1069),2
SliceId(314),3
ResonanceId(1070),2
ResonanceId(1071),2
ResonanceId(1072),2
SliceId(315),3
ResonanceId(1073),2
ResonanceId(1074),2
ResonanceId(1075),2
ResonanceId(1076),2
SliceId(316),3
ResonanceId(1077),2
ResonanceId(1078),2
ResonanceId(1079),2
SliceId(317),3
ResonanceId(1080),2
ResonanceId(1081),2
ResonanceId(1082),2
ResonanceId(1083),2
SliceId(318),3
ResonanceId(1084),2
ResonanceId(1085),2
ResonanceId(1086),2
ResonanceId(1087),2
SliceId(319),3
ResonanceId(1088),2
ResonanceId(1089),2
ResonanceId(1090),2
ResonanceId(1091),2
SliceId(320),3
ResonanceId(1092),2
ResonanceId(1093),2
ResonanceId(1094),2
ResonanceId(1095),2
SliceId(321),3
ResonanceId(1096),2
ResonanceId(1097),2
ResonanceId(1098),2
ResonanceId(1099),2
SliceId(322),3
ResonanceId(1100),2
ResonanceId(1101),2
ResonanceId(1102),2
ResonanceId(1103),2
SliceId(323),3
ResonanceId(1104),2
ResonanceId(1105),2
ResonanceId(1106),2
ResonanceId(1107),2
SliceId(324),3
ResonanceId(1108),2
ResonanceId(1109),2
ResonanceId(1110),2
ResonanceId(1111),2
SliceId(325),3
ResonanceId(1112),2
ResonanceId(1113),2
ResonanceId(1114),2
SliceId(326),3
ResonanceId(1115),2
ResonanceId(1116),2
ResonanceId(1117),2
SliceId(327),3
ResonanceId(1118),2
ResonanceId(1119),2
ResonanceId(1120),2
ResonanceId(1121),2
SliceId(328),3
ResonanceId(1122),2
ResonanceId(1123),2
ResonanceId(1124),2
ResonanceId(1125),2
SliceId(329),3
ResonanceId(1126),2
ResonanceId(1127),2
ResonanceId(1128),2
SliceId(330),3
ResonanceId(1129),2
ResonanceId(1130),2
ResonanceId(1131),2
SliceId(331),3
ResonanceId(1132),2
ResonanceId(1133),2
ResonanceId(1134),2
SliceId(332),3
ResonanceId(1135),2
ResonanceId(1136),2
ResonanceId(1137),2
SliceId(333),3
ResonanceId(1138),2
ResonanceId(1139),2
ResonanceId(1140),2
SliceId(334),3
ResonanceId(1141),2
ResonanceId(1142),2
ResonanceId(1143),2
SliceId(335),3
ResonanceId(1144),2
ResonanceId(1145),2
ResonanceId(1146),2
SliceId(336),3
ResonanceId(1147),2
ResonanceId(1148),2
SliceId(337),3
ResonanceId(1149),2
ResonanceId(1150),2
SliceId(338),3
ResonanceId(1151),2
ResonanceId(1152),2
SliceId(339),3
ResonanceId(1153),2
ResonanceId(1154),2
SliceId(340),3
ResonanceId(1155),2
ResonanceId(1156),2
ResonanceId(1157),2
SliceId(341),3
ResonanceId(1158),2
ResonanceId(1159),2
SliceId(342),3
ResonanceId(1160),2
SliceId(343),3
ResonanceId(1161),2
SliceId(344),3
ResonanceId(1162),2
SliceId(345),3
ResonanceId(1163),2
SliceId(346),3
ResonanceId(1164),2
SliceId(347),3
ResonanceId(1165),2
SliceId(348),3
ResonanceId(1166),2
SliceId(349),3
ResonanceId(1167),2
SliceId(350),3
ResonanceId(1168),2
SliceId(351),3
ResonanceId(1169),2
SliceId(352),3
ResonanceId(1170),2
SliceId(353),3
ResonanceId(1171),2
SliceId(354),3
ResonanceId(1172),2
SliceId(355),3
ResonanceId(1173),2
SliceId(356),3
ResonanceId(1174),2
