Source,Target
DRSId(1),SliceId(7)
DRSId(1),SliceId(8)
DRSId(1),SliceId(9)
DRSId(1),SliceId(10)
DRSId(1),SliceId(11)
DRSId(1),SliceId(12)
DRSId(1),SliceId(13)
DRSId(1),SliceId(14)
DRSId(1),SliceId(15)
DRSId(1),SliceId(16)
DRSId(1),SliceId(17)
DRSId(1),SliceId(18)
DRSId(1),SliceId(19)
DRSId(1),SliceId(20)
DRSId(1),SliceId(21)
DRSId(1),SliceId(22)
DRSId(1),SliceId(23)
DRSId(1),SliceId(24)
DRSId(1),SliceId(25)
DRSId(1),SliceId(26)
DRSId(1),SliceId(27)
DRSId(1),SliceId(28)
DRSId(1),SliceId(29)
DRSId(1),SliceId(30)
DRSId(1),SliceId(31)
DRSId(1),SliceId(32)
DRSId(1),SliceId(33)
DRSId(1),SliceId(34)
DRSId(1),SliceId(35)
DRSId(1),SliceId(36)
DRSId(1),SliceId(37)
DRSId(1),SliceId(38)
DRSId(1),SliceId(39)
DRSId(1),SliceId(40)
DRSId(1),SliceId(41)
DRSId(1),SliceId(42)
DRSId(1),SliceId(43)
DRSId(1),SliceId(44)
DRSId(1),SliceId(45)
DRSId(1),SliceId(46)
DRSId(1),SliceId(47)
DRSId(1),SliceId(48)
DRSId(1),SliceId(49)
DRSId(1),SliceId(50)
DRSId(1),SliceId(51)
DRSId(1),SliceId(52)
DRSId(1),SliceId(53)
DRSId(1),SliceId(54)
DRSId(1),SliceId(55)
DRSId(1),SliceId(56)
DRSId(1),SliceId(57)
DRSId(1),SliceId(58)
DRSId(1),SliceId(59)
DRSId(1),SliceId(60)
DRSId(1),SliceId(61)
DRSId(1),SliceId(62)
DRSId(1),SliceId(63)
DRSId(1),SliceId(64)
DRSId(1),SliceId(65)
DRSId(1),SliceId(66)
DRSId(1),SliceId(67)
DRSId(1),SliceId(68)
DRSId(1),SliceId(69)
DRSId(1),SliceId(70)
DRSId(1),SliceId(71)
DRSId(1),SliceId(72)
DRSId(1),SliceId(73)
DRSId(1),SliceId(74)
DRSId(1),SliceId(75)
DRSId(1),SliceId(76)
DRSId(1),SliceId(77)
DRSId(1),SliceId(78)
DRSId(1),SliceId(79)
DRSId(1),SliceId(80)
DRSId(1),SliceId(81)
DRSId(1),SliceId(82)
DRSId(1),SliceId(83)
DRSId(1),SliceId(84)
DRSId(1),SliceId(85)
DRSId(1),SliceId(86)
DRSId(1),SliceId(87)
DRSId(1),SliceId(88)
DRSId(1),SliceId(89)
DRSId(1),SliceId(90)
DRSId(1),SliceId(91)
DRSId(1),SliceId(92)
DRSId(1),SliceId(93)
DRSId(1),SliceId(94)
DRSId(1),SliceId(95)
DRSId(1),SliceId(96)
DRSId(1),SliceId(97)
DRSId(1),SliceId(98)
DRSId(1),SliceId(99)
DRSId(1),SliceId(100)
DRSId(1),SliceId(101)
DRSId(1),SliceId(102)
DRSId(1),SliceId(103)
DRSId(1),SliceId(104)
DRSId(1),SliceId(105)
DRSId(1),SliceId(106)
DRSId(1),SliceId(107)
DRSId(1),SliceId(108)
DRSId(1),SliceId(109)
DRSId(1),SliceId(110)
DRSId(1),SliceId(111)
DRSId(1),SliceId(112)
DRSId(1),SliceId(113)
DRSId(1),SliceId(114)
DRSId(1),SliceId(115)
DRSId(1),SliceId(116)
DRSId(1),SliceId(117)
DRSId(1),SliceId(118)
DRSId(1),SliceId(119)
DRSId(1),SliceId(120)
DRSId(1),SliceId(121)
DRSId(1),SliceId(122)
DRSId(1),SliceId(123)
DRSId(1),SliceId(124)
DRSId(1),SliceId(125)
DRSId(1),SliceId(126)
DRSId(1),SliceId(127)
DRSId(1),SliceId(128)
DRSId(1),SliceId(129)
DRSId(1),SliceId(130)
DRSId(1),SliceId(131)
DRSId(1),SliceId(132)
DRSId(1),SliceId(133)
DRSId(1),SliceId(134)
DRSId(1),SliceId(135)
DRSId(1),SliceId(136)
DRSId(1),SliceId(137)
DRSId(1),SliceId(138)
DRSId(1),SliceId(139)
DRSId(1),SliceId(140)
DRSId(1),SliceId(141)
DRSId(1),SliceId(142)
DRSId(1),SliceId(143)
DRSId(1),SliceId(144)
DRSId(1),SliceId(145)
DRSId(1),SliceId(146)
DRSId(1),SliceId(147)
DRSId(1),SliceId(148)
DRSId(1),SliceId(149)
DRSId(1),SliceId(150)
DRSId(1),SliceId(151)
DRSId(1),SliceId(152)
DRSId(1),SliceId(153)
DRSId(1),SliceId(154)
DRSId(1),SliceId(155)
DRSId(1),SliceId(156)
DRSId(1),SliceId(157)
DRSId(1),SliceId(158)
DRSId(1),SliceId(159)
DRSId(1),SliceId(160)
DRSId(1),SliceId(161)
DRSId(1),SliceId(162)
DRSId(1),SliceId(163)
DRSId(1),SliceId(164)
DRSId(1),SliceId(165)
DRSId(1),SliceId(166)
DRSId(1),SliceId(167)
DRSId(1),SliceId(168)
DRSId(1),SliceId(169)
DRSId(1),SliceId(170)
DRSId(1),SliceId(171)
DRSId(1),SliceId(172)
DRSId(1),SliceId(173)
DRSId(1),SliceId(174)
DRSId(1),SliceId(175)
DRSId(1),SliceId(176)
DRSId(1),SliceId(177)
DRSId(1),SliceId(178)
DRSId(1),SliceId(179)
DRSId(1),SliceId(180)
DRSId(1),SliceId(181)
DRSId(1),SliceId(182)
DRSId(1),SliceId(183)
DRSId(1),SliceId(184)
DRSId(1),SliceId(185)
DRSId(1),SliceId(186)
DRSId(1),SliceId(187)
DRSId(1),SliceId(188)
DRSId(1),SliceId(189)
DRSId(1),SliceId(190)
DRSId(1),SliceId(191)
DRSId(1),SliceId(192)
DRSId(1),SliceId(193)
DRSId(1),SliceId(194)
DRSId(1),SliceId(195)
DRSId(1),SliceId(196)
DRSId(1),SliceId(197)
DRSId(1),SliceId(198)
DRSId(1),SliceId(199)
DRSId(1),SliceId(200)
DRSId(1),SliceId(201)
DRSId(1),SliceId(202)
DRSId(1),SliceId(203)
DRSId(1),SliceId(204)
DRSId(1),SliceId(205)
DRSId(1),SliceId(206)
DRSId(1),SliceId(207)
DRSId(1),SliceId(208)
DRSId(1),SliceId(209)
DRSId(1),SliceId(210)
DRSId(1),SliceId(211)
DRSId(1),SliceId(212)
DRSId(1),SliceId(213)
DRSId(1),SliceId(214)
DRSId(1),SliceId(215)
DRSId(1),SliceId(216)
DRSId(1),SliceId(217)
DRSId(1),SliceId(218)
DRSId(1),SliceId(219)
DRSId(1),SliceId(220)
DRSId(1),SliceId(221)
DRSId(1),SliceId(222)
DRSId(1),SliceId(223)
DRSId(1),SliceId(224)
DRSId(1),SliceId(225)
DRSId(1),SliceId(226)
DRSId(1),SliceId(227)
DRSId(1),SliceId(228)
DRSId(1),SliceId(229)
DRSId(1),SliceId(230)
DRSId(1),SliceId(231)
DRSId(1),SliceId(232)
DRSId(1),SliceId(233)
DRSId(1),SliceId(234)
DRSId(1),SliceId(235)
DRSId(1),SliceId(236)
DRSId(1),SliceId(237)
DRSId(1),SliceId(238)
DRSId(1),SliceId(239)
DRSId(1),SliceId(240)
DRSId(1),SliceId(241)
DRSId(1),SliceId(242)
DRSId(1),SliceId(243)
DRSId(1),SliceId(244)
DRSId(1),SliceId(245)
DRSId(1),SliceId(246)
DRSId(1),SliceId(247)
DRSId(1),SliceId(248)
DRSId(1),SliceId(249)
DRSId(1),SliceId(250)
DRSId(1),SliceId(251)
DRSId(1),SliceId(252)
DRSId(1),SliceId(253)
DRSId(1),SliceId(254)
DRSId(1),SliceId(255)
DRSId(1),SliceId(256)
DRSId(1),SliceId(257)
DRSId(1),SliceId(258)
DRSId(1),SliceId(259)
DRSId(1),SliceId(260)
DRSId(1),SliceId(261)
DRSId(1),SliceId(262)
DRSId(1),SliceId(263)
DRSId(1),SliceId(264)
DRSId(1),SliceId(265)
DRSId(1),SliceId(266)
DRSId(1),SliceId(267)
DRSId(1),SliceId(268)
DRSId(1),SliceId(269)
DRSId(1),SliceId(270)
DRSId(1),SliceId(271)
DRSId(1),SliceId(272)
DRSId(1),SliceId(273)
DRSId(1),SliceId(274)
DRSId(1),SliceId(275)
DRSId(1),SliceId(276)
DRSId(1),SliceId(277)
DRSId(1),SliceId(278)
DRSId(1),SliceId(279)
DRSId(1),SliceId(280)
DRSId(1),SliceId(281)
DRSId(1),SliceId(282)
DRSId(1),SliceId(283)
DRSId(1),SliceId(284)
DRSId(1),SliceId(285)
DRSId(1),SliceId(286)
DRSId(1),SliceId(287)
DRSId(1),SliceId(288)
DRSId(1),SliceId(289)
DRSId(1),SliceId(290)
DRSId(1),SliceId(291)
DRSId(1),SliceId(292)
DRSId(1),SliceId(293)
DRSId(1),SliceId(294)
DRSId(1),SliceId(295)
DRSId(1),SliceId(296)
DRSId(1),SliceId(297)
DRSId(1),SliceId(298)
DRSId(1),SliceId(299)
DRSId(1),SliceId(300)
DRSId(1),SliceId(301)
DRSId(1),SliceId(302)
DRSId(1),SliceId(303)
DRSId(1),SliceId(304)
DRSId(1),SliceId(305)
DRSId(1),SliceId(306)
DRSId(1),SliceId(307)
DRSId(1),SliceId(308)
DRSId(1),SliceId(309)
DRSId(1),SliceId(310)
DRSId(1),SliceId(311)
DRSId(1),SliceId(312)
DRSId(1),SliceId(313)
DRSId(1),SliceId(314)
DRSId(1),SliceId(315)
DRSId(1),SliceId(316)
DRSId(1),SliceId(317)
DRSId(1),SliceId(318)
DRSId(1),SliceId(319)
DRSId(1),SliceId(320)
DRSId(1),SliceId(321)
DRSId(1),SliceId(322)
DRSId(1),SliceId(323)
DRSId(1),SliceId(324)
DRSId(1),SliceId(325)
DRSId(1),SliceId(326)
DRSId(1),SliceId(327)
DRSId(1),SliceId(328)
DRSId(1),SliceId(329)
DRSId(1),SliceId(330)
DRSId(1),SliceId(331)
DRSId(1),SliceId(332)
DRSId(1),SliceId(333)
DRSId(1),SliceId(334)
DRSId(1),SliceId(335)
DRSId(1),SliceId(336)
DRSId(1),SliceId(337)
DRSId(1),SliceId(338)
DRSId(1),SliceId(339)
DRSId(1),SliceId(340)
DRSId(1),SliceId(341)
DRSId(1),SliceId(342)
DRSId(1),SliceId(343)
DRSId(1),SliceId(344)
DRSId(1),SliceId(345)
DRSId(1),SliceId(346)
DRSId(1),SliceId(347)
DRSId(1),SliceId(348)
DRSId(1),SliceId(349)
DRSId(1),SliceId(350)
DRSId(1),SliceId(351)
DRSId(1),SliceId(352)
DRSId(1),SliceId(353)
DRSId(1),SliceId(354)
DRSId(1),SliceId(355)
DRSId(1),SliceId(356)
SliceId(7),ResonanceId(1)
SliceId(8),ResonanceId(2)
SliceId(9),ResonanceId(3)
SliceId(10),ResonanceId(4)
SliceId(11),ResonanceId(5)
SliceId(12),ResonanceId(6)
SliceId(13),ResonanceId(7)
SliceId(14),ResonanceId(8)
SliceId(14),ResonanceId(9)
SliceId(15),ResonanceId(10)
SliceId(15),ResonanceId(11)
SliceId(16),ResonanceId(12)
SliceId(16),ResonanceId(13)
SliceId(17),ResonanceId(14)
SliceId(17),ResonanceId(15)
SliceId(18),ResonanceId(16)
SliceId(18),ResonanceId(17)
SliceId(18),ResonanceId(18)
SliceId(19),ResonanceId(19)
SliceId(19),ResonanceId(20)
SliceId(19),ResonanceId(21)
SliceId(20),ResonanceId(22)
SliceId(20),ResonanceId(23)
SliceId(20),ResonanceId(24)
SliceId(21),ResonanceId(25)
SliceId(21),ResonanceId(26)
SliceId(21),ResonanceId(27)
SliceId(22),ResonanceId(28)
SliceId(22),ResonanceId(29)
SliceId(22),ResonanceId(30)
SliceId(23),ResonanceId(31)
SliceId(23),ResonanceId(32)
SliceId(23),ResonanceId(33)
SliceId(24),ResonanceId(34)
SliceId(24),ResonanceId(35)
SliceId(24),ResonanceId(36)
SliceId(25),ResonanceId(37)
SliceId(25),ResonanceId(38)
SliceId(25),ResonanceId(39)
SliceId(26),ResonanceId(40)
SliceId(26),ResonanceId(41)
SliceId(26),ResonanceId(42)
SliceId(27),ResonanceId(43)
SliceId(27),ResonanceId(44)
SliceId(27),ResonanceId(45)
SliceId(28),ResonanceId(46)
SliceId(28),ResonanceId(47)
SliceId(28),ResonanceId(48)
SliceId(29),ResonanceId(49)
SliceId(29),ResonanceId(50)
SliceId(29),ResonanceId(51)
SliceId(30),ResonanceId(52)
SliceId(30),ResonanceId(53)
SliceId(30),ResonanceId(54)
SliceId(31),ResonanceId(55)
SliceId(31),ResonanceId(56)
SliceId(31),ResonanceId(57)
SliceId(32),ResonanceId(58)
SliceId(32),ResonanceId(59)
SliceId(32),ResonanceId(60)
SliceId(33),ResonanceId(61)
SliceId(33),ResonanceId(62)
SliceId(33),ResonanceId(63)
SliceId(34),ResonanceId(64)
SliceId(34),ResonanceId(65)
SliceId(34),ResonanceId(66)
SliceId(35),ResonanceId(67)
SliceId(35),ResonanceId(68)
SliceId(35),ResonanceId(69)
SliceId(36),ResonanceId(70)
SliceId(36),ResonanceId(71)
SliceId(36),ResonanceId(72)
SliceId(37),ResonanceId(73)
SliceId(37),ResonanceId(74)
SliceId(37),ResonanceId(75)
SliceId(38),ResonanceId(76)
SliceId(38),ResonanceId(77)
SliceId(38),ResonanceId(78)
SliceId(39),ResonanceId(79)
SliceId(39),ResonanceId(80)
SliceId(39),ResonanceId(81)
SliceId(40),ResonanceId(82)
SliceId(40),ResonanceId(83)
SliceId(40),ResonanceId(84)
SliceId(41),ResonanceId(85)
SliceId(41),ResonanceId(86)
SliceId(41),ResonanceId(87)
SliceId(42),ResonanceId(88)
SliceId(42),ResonanceId(89)
SliceId(42),ResonanceId(90)
SliceId(43),ResonanceId(91)
SliceId(43),ResonanceId(92)
SliceId(43),ResonanceId(93)
SliceId(44),ResonanceId(94)
SliceId(44),ResonanceId(95)
SliceId(44),ResonanceId(96)
SliceId(45),ResonanceId(97)
SliceId(45),ResonanceId(98)
SliceId(45),ResonanceId(99)
SliceId(46),ResonanceId(100)
SliceId(46),ResonanceId(101)
SliceId(46),ResonanceId(102)
SliceId(47),ResonanceId(103)
SliceId(47),ResonanceId(104)
SliceId(47),ResonanceId(105)
SliceId(48),ResonanceId(106)
SliceId(48),ResonanceId(107)
SliceId(48),ResonanceId(108)
SliceId(49),ResonanceId(109)
SliceId(49),ResonanceId(110)
SliceId(49),ResonanceId(111)
SliceId(50),ResonanceId(112)
SliceId(50),ResonanceId(113)
SliceId(50),ResonanceId(114)
SliceId(51),ResonanceId(115)
SliceId(51),ResonanceId(116)
SliceId(51),ResonanceId(117)
SliceId(52),ResonanceId(118)
SliceId(52),ResonanceId(119)
SliceId(52),ResonanceId(120)
SliceId(53),ResonanceId(121)
SliceId(53),ResonanceId(122)
SliceId(53),ResonanceId(123)
SliceId(54),ResonanceId(124)
SliceId(54),ResonanceId(125)
SliceId(54),ResonanceId(126)
SliceId(54),ResonanceId(127)
SliceId(55),ResonanceId(128)
SliceId(55),ResonanceId(129)
SliceId(55),ResonanceId(130)
SliceId(55),ResonanceId(131)
SliceId(56),ResonanceId(132)
SliceId(56),ResonanceId(133)
SliceId(56),ResonanceId(134)
SliceId(57),ResonanceId(135)
SliceId(57),ResonanceId(136)
SliceId(57),ResonanceId(137)
SliceId(58),ResonanceId(138)
SliceId(58),ResonanceId(139)
SliceId(58),ResonanceId(140)
SliceId(59),ResonanceId(141)
SliceId(59),ResonanceId(142)
SliceId(59),ResonanceId(143)
SliceId(60),ResonanceId(144)
SliceId(60),ResonanceId(145)
SliceId(60),ResonanceId(146)
SliceId(61),ResonanceId(147)
SliceId(61),ResonanceId(148)
SliceId(61),ResonanceId(149)
SliceId(62),ResonanceId(150)
SliceId(62),ResonanceId(151)
SliceId(62),ResonanceId(152)
SliceId(63),ResonanceId(153)
SliceId(63),ResonanceId(154)
SliceId(63),ResonanceId(155)
SliceId(64),ResonanceId(156)
SliceId(64),ResonanceId(157)
SliceId(64),ResonanceId(158)
SliceId(65),ResonanceId(159)
SliceId(65),ResonanceId(160)
SliceId(65),ResonanceId(161)
SliceId(66),ResonanceId(162)
SliceId(66),ResonanceId(163)
SliceId(66),ResonanceId(164)
SliceId(67),ResonanceId(165)
SliceId(67),ResonanceId(166)
SliceId(67),ResonanceId(167)
SliceId(68),ResonanceId(168)
SliceId(68),ResonanceId(169)
SliceId(68),ResonanceId(170)
SliceId(68),ResonanceId(171)
SliceId(69),ResonanceId(172)
SliceId(69),ResonanceId(173)
SliceId(69),ResonanceId(174)
SliceId(70),ResonanceId(175)
SliceId(70),ResonanceId(176)
SliceId(70),ResonanceId(177)
SliceId(71),ResonanceId(178)
SliceId(71),ResonanceId(179)
SliceId(71),ResonanceId(180)
SliceId(72),ResonanceId(181)
SliceId(72),ResonanceId(182)
SliceId(72),ResonanceId(183)
SliceId(73),ResonanceId(184)
SliceId(73),ResonanceId(185)
SliceId(73),ResonanceId(186)
SliceId(73),ResonanceId(187)
SliceId(74),ResonanceId(188)
SliceId(74),ResonanceId(189)
SliceId(74),ResonanceId(190)
SliceId(74),ResonanceId(191)
SliceId(75),ResonanceId(192)
SliceId(75),ResonanceId(193)
SliceId(75),ResonanceId(194)
SliceId(75),ResonanceId(195)
SliceId(76),ResonanceId(196)
SliceId(76),ResonanceId(197)
SliceId(76),ResonanceId(198)
SliceId(76),ResonanceId(199)
SliceId(77),ResonanceId(200)
SliceId(77),ResonanceId(201)
SliceId(77),ResonanceId(202)
SliceId(77),ResonanceId(203)
SliceId(78),ResonanceId(204)
SliceId(78),ResonanceId(205)
SliceId(78),ResonanceId(206)
SliceId(78),ResonanceId(207)
SliceId(79),ResonanceId(208)
SliceId(79),ResonanceId(209)
SliceId(79),ResonanceId(210)
SliceId(79),ResonanceId(211)
SliceId(80),ResonanceId(212)
SliceId(80),ResonanceId(213)
SliceId(80),ResonanceId(214)
SliceId(80),ResonanceId(215)
SliceId(81),ResonanceId(216)
SliceId(81),ResonanceId(217)
SliceId(81),ResonanceId(218)
SliceId(81),ResonanceId(219)
SliceId(82),ResonanceId(220)
SliceId(82),ResonanceId(221)
SliceId(82),ResonanceId(222)
SliceId(82),ResonanceId(223)
SliceId(83),ResonanceId(224)
SliceId(83),ResonanceId(225)
SliceId(83),ResonanceId(226)
SliceId(83),ResonanceId(227)
SliceId(83),ResonanceId(228)
SliceId(84),ResonanceId(229)
SliceId(84),ResonanceId(230)
SliceId(84),ResonanceId(231)
SliceId(85),ResonanceId(232)
SliceId(85),ResonanceId(233)
SliceId(85),ResonanceId(234)
SliceId(86),ResonanceId(235)
SliceId(86),ResonanceId(236)
SliceId(86),ResonanceId(237)
SliceId(87),ResonanceId(238)
SliceId(87),ResonanceId(239)
SliceId(88),ResonanceId(240)
SliceId(88),ResonanceId(241)
SliceId(89),ResonanceId(242)
SliceId(89),ResonanceId(243)
SliceId(89),ResonanceId(244)
SliceId(90),ResonanceId(245)
SliceId(90),ResonanceId(246)
SliceId(90),ResonanceId(247)
SliceId(91),ResonanceId(248)
SliceId(91),ResonanceId(249)
SliceId(91),ResonanceId(250)
SliceId(92),ResonanceId(251)
SliceId(92),ResonanceId(252)
SliceId(92),ResonanceId(253)
SliceId(93),ResonanceId(254)
SliceId(93),ResonanceId(255)
SliceId(93),ResonanceId(256)
SliceId(94),ResonanceId(257)
SliceId(94),ResonanceId(258)
SliceId(94),ResonanceId(259)
SliceId(95),ResonanceId(260)
SliceId(95),ResonanceId(261)
SliceId(95),ResonanceId(262)
SliceId(96),ResonanceId(263)
SliceId(96),ResonanceId(264)
SliceId(96),ResonanceId(265)
SliceId(97),ResonanceId(266)
SliceId(97),ResonanceId(267)
SliceId(97),ResonanceId(268)
SliceId(98),ResonanceId(269)
SliceId(98),ResonanceId(270)
SliceId(98),ResonanceId(271)
SliceId(99),ResonanceId(272)
SliceId(99),ResonanceId(273)
SliceId(99),ResonanceId(274)
SliceId(100),ResonanceId(275)
SliceId(100),ResonanceId(276)
SliceId(100),ResonanceId(277)
SliceId(101),ResonanceId(278)
SliceId(101),ResonanceId(279)
SliceId(101),ResonanceId(280)
SliceId(102),ResonanceId(281)
SliceId(102),ResonanceId(282)
SliceId(102),ResonanceId(283)
SliceId(103),ResonanceId(284)
SliceId(103),ResonanceId(285)
SliceId(103),ResonanceId(286)
SliceId(104),ResonanceId(287)
SliceId(104),ResonanceId(288)
SliceId(104),ResonanceId(289)
SliceId(105),ResonanceId(290)
SliceId(105),ResonanceId(291)
SliceId(105),ResonanceId(292)
SliceId(106),ResonanceId(293)
SliceId(106),ResonanceId(294)
SliceId(106),ResonanceId(295)
SliceId(107),ResonanceId(296)
SliceId(107),ResonanceId(297)
SliceId(107),ResonanceId(298)
SliceId(107),ResonanceId(299)
SliceId(108),ResonanceId(300)
SliceId(108),ResonanceId(301)
SliceId(108),ResonanceId(302)
SliceId(108),ResonanceId(303)
SliceId(109),ResonanceId(304)
SliceId(109),ResonanceId(305)
SliceId(109),ResonanceId(306)
SliceId(109),ResonanceId(307)
SliceId(110),ResonanceId(308)
SliceId(110),ResonanceId(309)
SliceId(110),ResonanceId(310)
SliceId(110),ResonanceId(311)
SliceId(111),ResonanceId(312)
SliceId(111),ResonanceId(313)
SliceId(111),ResonanceId(314)
SliceId(111),ResonanceId(315)
SliceId(112),ResonanceId(316)
SliceId(112),ResonanceId(317)
SliceId(112),ResonanceId(318)
SliceId(112),ResonanceId(319)
SliceId(113),ResonanceId(320)
SliceId(113),ResonanceId(321)
SliceId(113),ResonanceId(322)
SliceId(113),ResonanceId(323)
SliceId(113),ResonanceId(324)
SliceId(114),ResonanceId(325)
SliceId(114),ResonanceId(326)
SliceId(114),ResonanceId(327)
SliceId(114),ResonanceId(328)
SliceId(115),ResonanceId(329)
SliceId(115),ResonanceId(330)
SliceId(115),ResonanceId(331)
SliceId(115),ResonanceId(332)
SliceId(116),ResonanceId(333)
SliceId(116),ResonanceId(334)
SliceId(116),ResonanceId(335)
SliceId(116),ResonanceId(336)
SliceId(117),ResonanceId(337)
SliceId(117),ResonanceId(338)
SliceId(117),ResonanceId(339)
SliceId(117),ResonanceId(340)
SliceId(118),ResonanceId(341)
SliceId(118),ResonanceId(342)
SliceId(118),ResonanceId(343)
SliceId(118),ResonanceId(344)
SliceId(119),ResonanceId(345)
SliceId(119),ResonanceId(346)
SliceId(119),ResonanceId(347)
SliceId(119),ResonanceId(348)
SliceId(120),ResonanceId(349)
SliceId(120),ResonanceId(350)
SliceId(120),ResonanceId(351)
SliceId(120),ResonanceId(352)
SliceId(121),ResonanceId(353)
SliceId(121),ResonanceId(354)
SliceId(121),ResonanceId(355)
SliceId(121),ResonanceId(356)
SliceId(122),ResonanceId(357)
SliceId(122),ResonanceId(358)
SliceId(122),ResonanceId(359)
SliceId(122),ResonanceId(360)
SliceId(123),ResonanceId(361)
SliceId(123),ResonanceId(362)
SliceId(123),ResonanceId(363)
SliceId(123),ResonanceId(364)
SliceId(124),ResonanceId(365)
SliceId(124),ResonanceId(366)
SliceId(124),ResonanceId(367)
SliceId(124),ResonanceId(368)
SliceId(125),ResonanceId(369)
SliceId(125),ResonanceId(370)
SliceId(125),ResonanceId(371)
SliceId(125),ResonanceId(372)
SliceId(126),ResonanceId(373)
SliceId(126),ResonanceId(374)
SliceId(126),ResonanceId(375)
SliceId(126),ResonanceId(376)
SliceId(127),ResonanceId(377)
SliceId(127),ResonanceId(378)
SliceId(127),ResonanceId(379)
SliceId(127),ResonanceId(380)
SliceId(128),ResonanceId(381)
SliceId(128),ResonanceId(382)
SliceId(128),ResonanceId(383)
SliceId(128),ResonanceId(384)
SliceId(129),ResonanceId(385)
SliceId(129),ResonanceId(386)
SliceId(129),ResonanceId(387)
SliceId(129),ResonanceId(388)
SliceId(130),ResonanceId(389)
SliceId(130),ResonanceId(390)
SliceId(130),ResonanceId(391)
SliceId(130),ResonanceId(392)
SliceId(131),ResonanceId(393)
SliceId(131),ResonanceId(394)
SliceId(131),ResonanceId(395)
SliceId(131),ResonanceId(396)
SliceId(132),ResonanceId(397)
SliceId(132),ResonanceId(398)
SliceId(132),ResonanceId(399)
SliceId(132),ResonanceId(400)
SliceId(133),ResonanceId(401)
SliceId(133),ResonanceId(402)
SliceId(133),ResonanceId(403)
SliceId(133),ResonanceId(404)
SliceId(134),ResonanceId(405)
SliceId(134),ResonanceId(406)
SliceId(134),ResonanceId(407)
SliceId(134),ResonanceId(408)
SliceId(135),ResonanceId(409)
SliceId(135),ResonanceId(410)
SliceId(135),ResonanceId(411)
SliceId(135),ResonanceId(412)
SliceId(136),ResonanceId(413)
SliceId(136),ResonanceId(414)
SliceId(136),ResonanceId(415)
SliceId(136),ResonanceId(416)
SliceId(137),ResonanceId(417)
SliceId(137),ResonanceId(418)
SliceId(137),ResonanceId(419)
SliceId(137),ResonanceId(420)
SliceId(138),ResonanceId(421)
SliceId(138),ResonanceId(422)
SliceId(138),ResonanceId(423)
SliceId(138),ResonanceId(424)
SliceId(139),ResonanceId(425)
SliceId(139),ResonanceId(426)
SliceId(139),ResonanceId(427)
SliceId(139),ResonanceId(428)
SliceId(140),ResonanceId(429)
SliceId(140),ResonanceId(430)
SliceId(140),ResonanceId(431)
SliceId(140),ResonanceId(432)
SliceId(141),ResonanceId(433)
SliceId(141),ResonanceId(434)
SliceId(141),ResonanceId(435)
SliceId(141),ResonanceId(436)
SliceId(142),ResonanceId(437)
SliceId(142),ResonanceId(438)
SliceId(142),ResonanceId(439)
SliceId(142),ResonanceId(440)
SliceId(143),ResonanceId(441)
SliceId(143),ResonanceId(442)
SliceId(143),ResonanceId(443)
SliceId(143),ResonanceId(444)
SliceId(144),ResonanceId(445)
SliceId(144),ResonanceId(446)
SliceId(144),ResonanceId(447)
SliceId(144),ResonanceId(448)
SliceId(145),ResonanceId(449)
SliceId(145),ResonanceId(450)
SliceId(145),ResonanceId(451)
SliceId(145),ResonanceId(452)
SliceId(146),ResonanceId(453)
SliceId(146),ResonanceId(454)
SliceId(146),ResonanceId(455)
SliceId(146),ResonanceId(456)
SliceId(147),ResonanceId(457)
SliceId(147),ResonanceId(458)
SliceId(147),ResonanceId(459)
SliceId(148),ResonanceId(460)
SliceId(148),ResonanceId(461)
SliceId(148),ResonanceId(462)
SliceId(149),ResonanceId(463)
SliceId(149),ResonanceId(464)
SliceId(149),ResonanceId(465)
SliceId(150),ResonanceId(466)
SliceId(150),ResonanceId(467)
SliceId(150),ResonanceId(468)
SliceId(151),ResonanceId(469)
SliceId(151),ResonanceId(470)
SliceId(151),ResonanceId(471)
SliceId(152),ResonanceId(472)
SliceId(152),ResonanceId(473)
SliceId(152),ResonanceId(474)
SliceId(153),ResonanceId(475)
SliceId(153),ResonanceId(476)
SliceId(153),ResonanceId(477)
SliceId(154),ResonanceId(478)
SliceId(154),ResonanceId(479)
SliceId(154),ResonanceId(480)
SliceId(155),ResonanceId(481)
SliceId(155),ResonanceId(482)
SliceId(155),ResonanceId(483)
SliceId(156),ResonanceId(484)
SliceId(156),ResonanceId(485)
SliceId(156),ResonanceId(486)
SliceId(157),ResonanceId(487)
SliceId(157),ResonanceId(488)
SliceId(157),ResonanceId(489)
SliceId(157),ResonanceId(490)
SliceId(158),ResonanceId(491)
SliceId(158),ResonanceId(492)
SliceId(158),ResonanceId(493)
SliceId(158),ResonanceId(494)
SliceId(159),ResonanceId(495)
SliceId(159),ResonanceId(496)
SliceId(159),ResonanceId(497)
SliceId(159),ResonanceId(498)
SliceId(160),ResonanceId(499)
SliceId(160),ResonanceId(500)
SliceId(160),ResonanceId(501)
SliceId(160),ResonanceId(502)
SliceId(161),ResonanceId(503)
SliceId(161),ResonanceId(504)
SliceId(161),ResonanceId(505)
SliceId(161),ResonanceId(506)
SliceId(162),ResonanceId(507)
SliceId(162),ResonanceId(508)
SliceId(162),ResonanceId(509)
SliceId(162),ResonanceId(510)
SliceId(163),ResonanceId(511)
SliceId(163),ResonanceId(512)
SliceId(163),ResonanceId(513)
SliceId(163),ResonanceId(514)
SliceId(164),ResonanceId(515)
SliceId(164),ResonanceId(516)
SliceId(164),ResonanceId(517)
SliceId(164),ResonanceId(518)
SliceId(165),ResonanceId(519)
SliceId(165),ResonanceId(520)
SliceId(165),ResonanceId(521)
SliceId(165),ResonanceId(522)
SliceId(166),ResonanceId(523)
SliceId(166),ResonanceId(524)
SliceId(166),ResonanceId(525)
SliceId(166),ResonanceId(526)
SliceId(167),ResonanceId(527)
SliceId(167),ResonanceId(528)
SliceId(167),ResonanceId(529)
SliceId(167),ResonanceId(530)
SliceId(168),ResonanceId(531)
SliceId(168),ResonanceId(532)
SliceId(168),ResonanceId(533)
SliceId(168),ResonanceId(534)
SliceId(169),ResonanceId(535)
SliceId(169),ResonanceId(536)
SliceId(169),ResonanceId(537)
SliceId(169),ResonanceId(538)
SliceId(170),ResonanceId(539)
SliceId(170),ResonanceId(540)
SliceId(170),ResonanceId(541)
SliceId(170),ResonanceId(542)
SliceId(171),ResonanceId(543)
SliceId(171),ResonanceId(544)
SliceId(171),ResonanceId(545)
SliceId(171),ResonanceId(546)
SliceId(172),ResonanceId(547)
SliceId(172),ResonanceId(548)
SliceId(172),ResonanceId(549)
SliceId(172),ResonanceId(550)
SliceId(173),ResonanceId(551)
SliceId(173),ResonanceId(552)
SliceId(173),ResonanceId(553)
SliceId(173),ResonanceId(554)
SliceId(174),ResonanceId(555)
SliceId(174),ResonanceId(556)
SliceId(174),ResonanceId(557)
SliceId(174),ResonanceId(558)
SliceId(175),ResonanceId(559)
SliceId(175),ResonanceId(560)
SliceId(175),ResonanceId(561)
SliceId(175),ResonanceId(562)
SliceId(176),ResonanceId(563)
SliceId(176),ResonanceId(564)
SliceId(176),ResonanceId(565)
SliceId(176),ResonanceId(566)
SliceId(177),ResonanceId(567)
SliceId(177),ResonanceId(568)
SliceId(177),ResonanceId(569)
SliceId(177),ResonanceId(570)
SliceId(178),ResonanceId(571)
SliceId(178),ResonanceId(572)
SliceId(178),ResonanceId(573)
SliceId(178),ResonanceId(574)
SliceId(179),ResonanceId(575)
SliceId(179),ResonanceId(576)
SliceId(179),ResonanceId(577)
SliceId(179),ResonanceId(578)
SliceId(180),ResonanceId(579)
SliceId(180),ResonanceId(580)
SliceId(180),ResonanceId(581)
SliceId(180),ResonanceId(582)
SliceId(181),ResonanceId(583)
SliceId(181),ResonanceId(584)
SliceId(181),ResonanceId(585)
SliceId(181),ResonanceId(586)
SliceId(182),ResonanceId(587)
SliceId(182),ResonanceId(588)
SliceId(182),ResonanceId(589)
SliceId(182),ResonanceId(590)
SliceId(183),ResonanceId(591)
SliceId(183),ResonanceId(592)
SliceId(183),ResonanceId(593)
SliceId(184),ResonanceId(594)
SliceId(184),ResonanceId(595)
SliceId(184),ResonanceId(596)
SliceId(185),ResonanceId(597)
SliceId(185),ResonanceId(598)
SliceId(185),ResonanceId(599)
SliceId(186),ResonanceId(600)
SliceId(186),ResonanceId(601)
SliceId(186),ResonanceId(602)
SliceId(187),ResonanceId(603)
SliceId(187),ResonanceId(604)
SliceId(187),ResonanceId(605)
SliceId(188),ResonanceId(606)
SliceId(188),ResonanceId(607)
SliceId(188),ResonanceId(608)
SliceId(189),ResonanceId(609)
SliceId(189),ResonanceId(610)
SliceId(189),ResonanceId(611)
SliceId(190),ResonanceId(612)
SliceId(190),ResonanceId(613)
SliceId(190),ResonanceId(614)
SliceId(191),ResonanceId(615)
SliceId(191),ResonanceId(616)
SliceId(191),ResonanceId(617)
SliceId(192),ResonanceId(618)
SliceId(192),ResonanceId(619)
SliceId(192),ResonanceId(620)
SliceId(193),ResonanceId(621)
SliceId(193),ResonanceId(622)
SliceId(193),ResonanceId(623)
SliceId(194),ResonanceId(624)
SliceId(194),ResonanceId(625)
SliceId(194),ResonanceId(626)
SliceId(195),ResonanceId(627)
SliceId(195),ResonanceId(628)
SliceId(195),ResonanceId(629)
SliceId(196),ResonanceId(630)
SliceId(196),ResonanceId(631)
SliceId(196),ResonanceId(632)
SliceId(197),ResonanceId(633)
SliceId(197),ResonanceId(634)
SliceId(197),ResonanceId(635)
SliceId(198),ResonanceId(636)
SliceId(198),ResonanceId(637)
SliceId(198),ResonanceId(638)
SliceId(199),ResonanceId(639)
SliceId(199),ResonanceId(640)
SliceId(199),ResonanceId(641)
SliceId(200),ResonanceId(642)
SliceId(200),ResonanceId(643)
SliceId(200),ResonanceId(644)
SliceId(200),ResonanceId(645)
SliceId(201),ResonanceId(646)
SliceId(201),ResonanceId(647)
SliceId(201),ResonanceId(648)
SliceId(201),ResonanceId(649)
SliceId(202),ResonanceId(650)
SliceId(202),ResonanceId(651)
SliceId(202),ResonanceId(652)
SliceId(202),ResonanceId(653)
SliceId(203),ResonanceId(654)
SliceId(203),ResonanceId(655)
SliceId(203),ResonanceId(656)
SliceId(203),ResonanceId(657)
SliceId(204),ResonanceId(658)
SliceId(204),ResonanceId(659)
SliceId(204),ResonanceId(660)
SliceId(204),ResonanceId(661)
SliceId(205),ResonanceId(662)
SliceId(205),ResonanceId(663)
SliceId(205),ResonanceId(664)
SliceId(205),ResonanceId(665)
SliceId(206),ResonanceId(666)
SliceId(206),ResonanceId(667)
SliceId(206),ResonanceId(668)
SliceId(206),ResonanceId(669)
SliceId(207),ResonanceId(670)
SliceId(207),ResonanceId(671)
SliceId(207),ResonanceId(672)
SliceId(207),ResonanceId(673)
SliceId(208),ResonanceId(674)
SliceId(208),ResonanceId(675)
SliceId(208),ResonanceId(676)
SliceId(208),ResonanceId(677)
SliceId(209),ResonanceId(678)
SliceId(209),ResonanceId(679)
SliceId(209),ResonanceId(680)
SliceId(209),ResonanceId(681)
SliceId(210),ResonanceId(682)
SliceId(210),ResonanceId(683)
SliceId(210),ResonanceId(684)
SliceId(210),ResonanceId(685)
SliceId(211),ResonanceId(686)
SliceId(211),ResonanceId(687)
SliceId(211),ResonanceId(688)
SliceId(211),ResonanceId(689)
SliceId(212),ResonanceId(690)
SliceId(212),ResonanceId(691)
SliceId(212),ResonanceId(692)
SliceId(212),ResonanceId(693)
SliceId(213),ResonanceId(694)
SliceId(213),ResonanceId(695)
SliceId(213),ResonanceId(696)
SliceId(213),ResonanceId(697)
SliceId(214),ResonanceId(698)
SliceId(214),ResonanceId(699)
SliceId(214),ResonanceId(700)
SliceId(214),ResonanceId(701)
SliceId(215),ResonanceId(702)
SliceId(215),ResonanceId(703)
SliceId(215),ResonanceId(704)
SliceId(215),ResonanceId(705)
SliceId(216),ResonanceId(706)
SliceId(216),ResonanceId(707)
SliceId(216),ResonanceId(708)
SliceId(216),ResonanceId(709)
SliceId(217),ResonanceId(710)
SliceId(217),ResonanceId(711)
SliceId(217),ResonanceId(712)
SliceId(217),ResonanceId(713)
SliceId(218),ResonanceId(714)
SliceId(218),ResonanceId(715)
SliceId(218),ResonanceId(716)
SliceId(218),ResonanceId(717)
SliceId(219),ResonanceId(718)
SliceId(219),ResonanceId(719)
SliceId(219),ResonanceId(720)
SliceId(219),ResonanceId(721)
SliceId(220),ResonanceId(722)
SliceId(220),ResonanceId(723)
SliceId(220),ResonanceId(724)
SliceId(220),ResonanceId(725)
SliceId(221),ResonanceId(726)
SliceId(221),ResonanceId(727)
SliceId(221),ResonanceId(728)
SliceId(221),ResonanceId(729)
SliceId(222),ResonanceId(730)
SliceId(222),ResonanceId(731)
SliceId(222),ResonanceId(732)
SliceId(222),ResonanceId(733)
SliceId(223),ResonanceId(734)
SliceId(223),ResonanceId(735)
SliceId(223),ResonanceId(736)
SliceId(223),ResonanceId(737)
SliceId(224),ResonanceId(738)
SliceId(224),ResonanceId(739)
SliceId(224),ResonanceId(740)
SliceId(224),ResonanceId(741)
SliceId(225),ResonanceId(742)
SliceId(225),ResonanceId(743)
SliceId(225),ResonanceId(744)
SliceId(225),ResonanceId(745)
SliceId(226),ResonanceId(746)
SliceId(226),ResonanceId(747)
SliceId(226),ResonanceId(748)
SliceId(226),ResonanceId(749)
SliceId(227),ResonanceId(750)
SliceId(227),ResonanceId(751)
SliceId(227),ResonanceId(752)
SliceId(227),ResonanceId(753)
SliceId(228),ResonanceId(754)
SliceId(228),ResonanceId(755)
SliceId(228),ResonanceId(756)
SliceId(228),ResonanceId(757)
SliceId(229),ResonanceId(758)
SliceId(229),ResonanceId(759)
SliceId(229),ResonanceId(760)
SliceId(229),ResonanceId(761)
SliceId(230),ResonanceId(762)
SliceId(230),ResonanceId(763)
SliceId(230),ResonanceId(764)
SliceId(230),ResonanceId(765)
SliceId(230),ResonanceId(766)
SliceId(231),ResonanceId(767)
SliceId(231),ResonanceId(768)
SliceId(231),ResonanceId(769)
SliceId(231),ResonanceId(770)
SliceId(232),ResonanceId(771)
SliceId(232),ResonanceId(772)
SliceId(232),ResonanceId(773)
SliceId(232),ResonanceId(774)
SliceId(233),ResonanceId(775)
SliceId(233),ResonanceId(776)
SliceId(233),ResonanceId(777)
SliceId(233),ResonanceId(778)
SliceId(234),ResonanceId(779)
SliceId(234),ResonanceId(780)
SliceId(234),ResonanceId(781)
SliceId(234),ResonanceId(782)
SliceId(235),ResonanceId(783)
SliceId(235),ResonanceId(784)
SliceId(235),ResonanceId(785)
SliceId(235),ResonanceId(786)
SliceId(236),ResonanceId(787)
SliceId(236),ResonanceId(788)
SliceId(236),ResonanceId(789)
SliceId(236),ResonanceId(790)
SliceId(237),ResonanceId(791)
SliceId(237),ResonanceId(792)
SliceId(237),ResonanceId(793)
SliceId(237),ResonanceId(794)
SliceId(238),ResonanceId(795)
SliceId(238),ResonanceId(796)
SliceId(238),ResonanceId(797)
SliceId(238),ResonanceId(798)
SliceId(239),ResonanceId(799)
SliceId(239),ResonanceId(800)
SliceId(239),ResonanceId(801)
SliceId(239),ResonanceId(802)
SliceId(240),ResonanceId(803)
SliceId(240),ResonanceId(804)
SliceId(240),ResonanceId(805)
SliceId(240),ResonanceId(806)
SliceId(241),ResonanceId(807)
SliceId(241),ResonanceId(808)
SliceId(241),ResonanceId(809)
SliceId(241),ResonanceId(810)
SliceId(242),ResonanceId(811)
SliceId(242),ResonanceId(812)
SliceId(242),ResonanceId(813)
SliceId(242),ResonanceId(814)
SliceId(243),ResonanceId(815)
SliceId(243),ResonanceId(816)
SliceId(243),ResonanceId(817)
SliceId(243),ResonanceId(818)
SliceId(244),ResonanceId(819)
SliceId(244),ResonanceId(820)
SliceId(244),ResonanceId(821)
SliceId(244),ResonanceId(822)
SliceId(245),ResonanceId(823)
SliceId(245),ResonanceId(824)
SliceId(245),ResonanceId(825)
SliceId(245),ResonanceId(826)
SliceId(246),ResonanceId(827)
SliceId(246),ResonanceId(828)
SliceId(246),ResonanceId(829)
SliceId(246),ResonanceId(830)
SliceId(247),ResonanceId(831)
SliceId(247),ResonanceId(832)
SliceId(247),ResonanceId(833)
SliceId(247),ResonanceId(834)
SliceId(248),ResonanceId(835)
SliceId(248),ResonanceId(836)
SliceId(248),ResonanceId(837)
SliceId(248),ResonanceId(838)
SliceId(249),ResonanceId(839)
SliceId(249),ResonanceId(840)
SliceId(249),ResonanceId(841)
SliceId(249),ResonanceId(842)
SliceId(250),ResonanceId(843)
SliceId(250),ResonanceId(844)
SliceId(250),ResonanceId(845)
SliceId(250),ResonanceId(846)
SliceId(251),ResonanceId(847)
SliceId(251),ResonanceId(848)
SliceId(251),ResonanceId(849)
SliceId(251),ResonanceId(850)
SliceId(252),ResonanceId(851)
SliceId(252),ResonanceId(852)
SliceId(252),ResonanceId(853)
SliceId(252),ResonanceId(854)
SliceId(253),ResonanceId(855)
SliceId(253),ResonanceId(856)
SliceId(253),ResonanceId(857)
SliceId(253),ResonanceId(858)
SliceId(254),ResonanceId(859)
SliceId(254),ResonanceId(860)
SliceId(254),ResonanceId(861)
SliceId(254),ResonanceId(862)
SliceId(255),ResonanceId(863)
SliceId(255),ResonanceId(864)
SliceId(255),ResonanceId(865)
SliceId(255),ResonanceId(866)
SliceId(256),ResonanceId(867)
SliceId(256),ResonanceId(868)
SliceId(256),ResonanceId(869)
SliceId(256),ResonanceId(870)
SliceId(257),ResonanceId(871)
SliceId(257),ResonanceId(872)
SliceId(257),ResonanceId(873)
SliceId(257),ResonanceId(874)
SliceId(258),ResonanceId(875)
SliceId(258),ResonanceId(876)
SliceId(258),ResonanceId(877)
SliceId(258),ResonanceId(878)
SliceId(259),ResonanceId(879)
SliceId(259),ResonanceId(880)
SliceId(259),ResonanceId(881)
SliceId(259),ResonanceId(882)
SliceId(260),ResonanceId(883)
SliceId(260),ResonanceId(884)
SliceId(260),ResonanceId(885)
SliceId(260),ResonanceId(886)
SliceId(261),ResonanceId(887)
SliceId(261),ResonanceId(888)
SliceId(261),ResonanceId(889)
SliceId(261),ResonanceId(890)
SliceId(262),ResonanceId(891)
SliceId(262),ResonanceId(892)
SliceId(262),ResonanceId(893)
SliceId(262),ResonanceId(894)
SliceId(263),ResonanceId(895)
SliceId(263),ResonanceId(896)
SliceId(263),ResonanceId(897)
SliceId(264),ResonanceId(898)
SliceId(264),ResonanceId(899)
SliceId(264),ResonanceId(900)
SliceId(264),ResonanceId(901)
SliceId(265),ResonanceId(902)
SliceId(265),ResonanceId(903)
SliceId(265),ResonanceId(904)
SliceId(265),ResonanceId(905)
SliceId(266),ResonanceId(906)
SliceId(266),ResonanceId(907)
SliceId(266),ResonanceId(908)
SliceId(266),ResonanceId(909)
SliceId(267),ResonanceId(910)
SliceId(267),ResonanceId(911)
SliceId(267),ResonanceId(912)
SliceId(267),ResonanceId(913)
SliceId(268),ResonanceId(914)
SliceId(268),ResonanceId(915)
SliceId(268),ResonanceId(916)
SliceId(268),ResonanceId(917)
SliceId(269),ResonanceId(918)
SliceId(269),ResonanceId(919)
SliceId(269),ResonanceId(920)
SliceId(269),ResonanceId(921)
SliceId(270),ResonanceId(922)
SliceId(270),ResonanceId(923)
SliceId(270),ResonanceId(924)
SliceId(270),ResonanceId(925)
SliceId(271),ResonanceId(926)
SliceId(271),ResonanceId(927)
SliceId(271),ResonanceId(928)
SliceId(271),ResonanceId(929)
SliceId(272),ResonanceId(930)
SliceId(272),ResonanceId(931)
SliceId(272),ResonanceId(932)
SliceId(272),ResonanceId(933)
SliceId(273),ResonanceId(934)
SliceId(273),ResonanceId(935)
SliceId(273),ResonanceId(936)
SliceId(273),ResonanceId(937)
SliceId(274),ResonanceId(938)
SliceId(274),ResonanceId(939)
SliceId(274),ResonanceId(940)
SliceId(274),ResonanceId(941)
SliceId(275),ResonanceId(942)
SliceId(275),ResonanceId(943)
SliceId(275),ResonanceId(944)
SliceId(275),ResonanceId(945)
SliceId(276),ResonanceId(946)
SliceId(276),ResonanceId(947)
SliceId(276),ResonanceId(948)
SliceId(276),ResonanceId(949)
SliceId(277),ResonanceId(950)
SliceId(277),ResonanceId(951)
SliceId(277),ResonanceId(952)
SliceId(277),ResonanceId(953)
SliceId(278),ResonanceId(954)
SliceId(278),ResonanceId(955)
SliceId(278),ResonanceId(956)
SliceId(278),ResonanceId(957)
SliceId(279),ResonanceId(958)
SliceId(279),ResonanceId(959)
SliceId(279),ResonanceId(960)
SliceId(279),ResonanceId(961)
SliceId(280),ResonanceId(962)
SliceId(280),ResonanceId(963)
SliceId(280),ResonanceId(964)
SliceId(280),ResonanceId(965)
SliceId(281),ResonanceId(966)
SliceId(281),ResonanceId(967)
SliceId(281),ResonanceId(968)
SliceId(281),ResonanceId(969)
SliceId(282),ResonanceId(970)
SliceId(282),ResonanceId(971)
SliceId(282),ResonanceId(972)
SliceId(283),ResonanceId(973)
SliceId(283),ResonanceId(974)
SliceId(283),ResonanceId(975)
SliceId(284),ResonanceId(976)
SliceId(284),ResonanceId(977)
SliceId(284),ResonanceId(978)
SliceId(284),ResonanceId(979)
SliceId(285),ResonanceId(980)
SliceId(285),ResonanceId(981)
SliceId(285),ResonanceId(982)
SliceId(286),ResonanceId(983)
SliceId(286),ResonanceId(984)
SliceId(286),ResonanceId(985)
SliceId(286),ResonanceId(986)
SliceId(287),ResonanceId(987)
SliceId(287),ResonanceId(988)
SliceId(287),ResonanceId(989)
SliceId(287),ResonanceId(990)
SliceId(288),ResonanceId(991)
SliceId(288),ResonanceId(992)
SliceId(288),ResonanceId(993)
SliceId(288),ResonanceId(994)
SliceId(289),ResonanceId(995)
SliceId(289),ResonanceId(996)
SliceId(289),ResonanceId(997)
SliceId(290),ResonanceId(998)
SliceId(290),ResonanceId(999)
SliceId(290),ResonanceId(1000)
SliceId(291),ResonanceId(1001)
SliceId(291),ResonanceId(1002)
SliceId(291),ResonanceId(1003)
SliceId(292),ResonanceId(1004)
SliceId(292),ResonanceId(1005)
SliceId(292),ResonanceId(1006)
SliceId(292),ResonanceId(1007)
SliceId(293),ResonanceId(1008)
SliceId(293),ResonanceId(1009)
SliceId(293),ResonanceId(1010)
SliceId(294),ResonanceId(1011)
SliceId(294),ResonanceId(1012)
SliceId(294),ResonanceId(1013)
SliceId(295),ResonanceId(1014)
SliceId(295),ResonanceId(1015)
SliceId(295),ResonanceId(1016)
SliceId(296),ResonanceId(1017)
SliceId(296),ResonanceId(1018)
SliceId(296),ResonanceId(1019)
SliceId(297),ResonanceId(1020)
SliceId(297),ResonanceId(1021)
SliceId(297),ResonanceId(1022)
SliceId(298),ResonanceId(1023)
SliceId(298),ResonanceId(1024)
SliceId(298),ResonanceId(1025)
SliceId(299),ResonanceId(1026)
SliceId(299),ResonanceId(1027)
SliceId(299),ResonanceId(1028)
SliceId(300),ResonanceId(1029)
SliceId(300),ResonanceId(1030)
SliceId(300),ResonanceId(1031)
SliceId(301),ResonanceId(1032)
SliceId(301),ResonanceId(1033)
SliceId(301),ResonanceId(1034)
SliceId(302),ResonanceId(1035)
SliceId(302),ResonanceId(1036)
SliceId(303),ResonanceId(1037)
SliceId(303),ResonanceId(1038)
SliceId(303),ResonanceId(1039)
SliceId(304),ResonanceId(1040)
SliceId(304),ResonanceId(1041)
SliceId(304),ResonanceId(1042)
SliceId(305),ResonanceId(1043)
SliceId(305),ResonanceId(1044)
SliceId(305),ResonanceId(1045)
SliceId(306),ResonanceId(1046)
SliceId(306),ResonanceId(1047)
SliceId(306),ResonanceId(1048)
SliceId(307),ResonanceId(1049)
SliceId(307),ResonanceId(1050)
SliceId(307),ResonanceId(1051)
SliceId(308),ResonanceId(1052)
SliceId(308),ResonanceId(1053)
SliceId(308),ResonanceId(1054)
SliceId(309),ResonanceId(1055)
SliceId(309),ResonanceId(1056)
SliceId(309),ResonanceId(1057)
SliceId(310),ResonanceId(1058)
SliceId(310),ResonanceId(1059)
SliceId(310),ResonanceId(1060)
SliceId(311),ResonanceId(1061)
SliceId(311),ResonanceId(1062)
SliceId(311),ResonanceId(1063)
SliceId(312),ResonanceId(1064)
SliceId(312),ResonanceId(1065)
SliceId(312),ResonanceId(1066)
SliceId(313),ResonanceId(1067)
SliceId(313),ResonanceId(1068)
SliceId(313),ResonanceId(1069)
SliceId(314),ResonanceId(1070)
SliceId(314),ResonanceId(1071)
SliceId(314),ResonanceId(1072)
SliceId(315),ResonanceId(1073)
SliceId(315),ResonanceId(1074)
SliceId(315),ResonanceId(1075)
SliceId(315),ResonanceId(1076)
SliceId(316),ResonanceId(1077)
SliceId(316),ResonanceId(1078)
SliceId(316),ResonanceId(1079)
SliceId(317),ResonanceId(1080)
SliceId(317),ResonanceId(1081)
SliceId(317),ResonanceId(1082)
SliceId(317),ResonanceId(1083)
SliceId(318),ResonanceId(1084)
SliceId(318),ResonanceId(1085)
SliceId(318),ResonanceId(1086)
SliceId(318),ResonanceId(1087)
SliceId(319),ResonanceId(1088)
SliceId(319),ResonanceId(1089)
SliceId(319),ResonanceId(1090)
SliceId(319),ResonanceId(1091)
SliceId(320),ResonanceId(1092)
SliceId(320),ResonanceId(1093)
SliceId(320),ResonanceId(1094)
SliceId(320),ResonanceId(1095)
SliceId(321),ResonanceId(1096)
SliceId(321),ResonanceId(1097)
SliceId(321),ResonanceId(1098)
SliceId(321),ResonanceId(1099)
SliceId(322),ResonanceId(1100)
SliceId(322),ResonanceId(1101)
SliceId(322),ResonanceId(1102)
SliceId(322),ResonanceId(1103)
SliceId(323),ResonanceId(1104)
SliceId(323),ResonanceId(1105)
SliceId(323),ResonanceId(1106)
SliceId(323),ResonanceId(1107)
SliceId(324),ResonanceId(1108)
SliceId(324),ResonanceId(1109)
SliceId(324),ResonanceId(1110)
SliceId(324),ResonanceId(1111)
SliceId(325),ResonanceId(1112)
SliceId(325),ResonanceId(1113)
SliceId(325),ResonanceId(1114)
SliceId(326),ResonanceId(1115)
SliceId(326),ResonanceId(1116)
SliceId(326),ResonanceId(1117)
SliceId(327),ResonanceId(1118)
SliceId(327),ResonanceId(1119)
SliceId(327),ResonanceId(1120)
SliceId(327),ResonanceId(1121)
SliceId(328),ResonanceId(1122)
SliceId(328),ResonanceId(1123)
SliceId(328),ResonanceId(1124)
SliceId(328),ResonanceId(1125)
SliceId(329),ResonanceId(1126)
SliceId(329),ResonanceId(1127)
SliceId(329),ResonanceId(1128)
SliceId(330),ResonanceId(1129)
SliceId(330),ResonanceId(1130)
SliceId(330),ResonanceId(1131)
SliceId(331),ResonanceId(1132)
SliceId(331),ResonanceId(1133)
SliceId(331),ResonanceId(1134)
SliceId(332),ResonanceId(1135)
SliceId(332),ResonanceId(1136)
SliceId(332),ResonanceId(1137)
SliceId(333),ResonanceId(1138)
SliceId(333),ResonanceId(1139)
SliceId(333),ResonanceId(1140)
SliceId(334),ResonanceId(1141)
SliceId(334),ResonanceId(1142)
SliceId(334),ResonanceId(1143)
SliceId(335),ResonanceId(1144)
SliceId(335),ResonanceId(1145)
SliceId(335),ResonanceId(1146)
SliceId(336),ResonanceId(1147)
SliceId(336),ResonanceId(1148)
SliceId(337),ResonanceId(1149)
SliceId(337),ResonanceId(1150)
SliceId(338),ResonanceId(1151)
SliceId(338),ResonanceId(1152)
SliceId(339),ResonanceId(1153)
SliceId(339),ResonanceId(1154)
SliceId(340),ResonanceId(1155)
SliceId(340),ResonanceId(1156)
SliceId(340),ResonanceId(1157)
SliceId(341),ResonanceId(1158)
SliceId(341),ResonanceId(1159)
SliceId(342),ResonanceId(1160)
SliceId(343),ResonanceId(1161)
SliceId(344),ResonanceId(1162)
SliceId(345),ResonanceId(1163)
SliceId(346),ResonanceId(1164)
SliceId(347),ResonanceId(1165)
SliceId(348),ResonanceId(1166)
SliceId(349),ResonanceId(1167)
SliceId(350),ResonanceId(1168)
SliceId(351),ResonanceId(1169)
SliceId(352),ResonanceId(1170)
SliceId(353),ResonanceId(1171)
SliceId(354),ResonanceId(1172)
SliceId(355),ResonanceId(1173)
SliceId(356),ResonanceId(1174)
